id,latitude,longitude,country,value
0,47.8295,-2.3138,FR,805155.0045732033
1,42.97426,-7.508889,ES,1596708.0102938158
2,48.57,-4.02,FR,1221237.553301061
3,48.4561909578859,11.7999254503205,DE,1130902.720135863
4,44.623055,11.889722,IT,978315.207468836
5,45.0051,11.1135,IT,1175442.7235342376
6,42.691142,-2.931772,ES,757438.895192896
7,48.2876,-0.9179,FR,1018133.8915994348
8,50.7558625362285,8.28066269776906,DE,1022459.6373845373
9,41.436527,0.424227,ES,822762.849978997
10,51.4361004123644,8.37499154090088,DE,781836.5379828102
11,50.242621,18.857603,PL,1184952.5242302085
12,43.996944,12.421111,IT,940499.7872231378
13,45.143889,10.145,IT,711478.3560080035
14,48.19,1.94,FR,989553.1572567888
15,50.4656,2.92827,FR,966135.5367164966
16,37.059167,14.266667,IT,1184899.391947609
17,40.612674,0.396958,ES,1029616.5607576713
18,49.6481,-1.59291,FR,906202.8415517518
19,51.6426070908722,7.33624946702106,DE,952418.2203697986
20,51.7773578006489,7.80168582361146,DE,975560.5563559964
21,50.9063246992168,8.03543048419056,DE,915612.1497563384
22,43.308869,-2.994715,ES,887362.8585363873
23,53.291825709511166,8.167160834626051,DE,1347538.6424586135
24,53.434396,14.478735,PL,1151783.555484859
25,50.29,4.1,FR,1049791.8389588343
26,48.8,4.95,FR,1421659.6600206278
27,49.2742135641184,7.10292701684563,DE,980261.1658399748
28,40.058021,-0.175161,ES,621828.4627188789
29,43.22892,-8.28751,ES,1074174.329110473
30,44.668,11.859444,IT,1051854.7496489752
31,47.706833,15.814,AT,904393.3708920906
32,51.493234,16.045467,PL,1244639.9246973824
33,45.2867,10.9888,IT,1064865.950241673
34,44.444722,8.308889,IT,923750.3784381824
35,48.81621,2.83036,FR,927279.5344136432
36,50.794399,19.142359,PL,581452.1719913108
37,51.5255027365178,6.79844793202542,DE,1111025.051919791
38,51.3109877527747,14.3082695389873,DE,1185963.3705440443
39,47.92,-2.38,FR,964067.804570022
40,42.159714,-4.095044,ES,728121.332591169
41,41.291469,-0.082929,ES,931406.3093618056
42,49.4258739436912,12.153449408861,DE,864706.3100575561
43,50.06,4.16,FR,935973.9588966428
44,43.076917,10.582325,IT,928007.3934528872
45,45.761111,13.231944,IT,989274.1648350842
46,43.051718,-2.260914,ES,927469.3289314964
47,50.37,3.03,FR,694365.0172626348
48,37.910975,-3.425785,ES,1184905.926864181
49,43.46039,-3.82503,ES,1009130.8114236238
50,50.09,3.53,FR,1091383.2570138052
51,42.721591,-2.98238,ES,885649.9860521596
52,50.991483156707,7.11668114073256,DE,733784.1979912098
53,38.6563,-4.13797,ES,939875.2907859888
54,51.6728134155273,19.3689975738525,PL,853074.760489653
55,44.55,4.74,FR,875917.1529722811
56,45.017778,12.240833,IT,1038257.3676066932
57,43.821111,10.613889,IT,796667.9903961488
58,43.19844,1.60981,FR,1351698.6617025652
59,51.21196476394524,7.008100183150094,DE,1092514.7601105133
60,45.294722,10.020556,IT,786326.569189809
61,48.9676418639236,10.17036558743902,DE,1084831.9559422715
62,45.6792,11.6948,IT,1438244.1565947847
63,50.7965087890625,16.3339614868164,PL,993325.3828797176
64,53.958677,18.553262,PL,934851.8848114364
65,50.7808074951172,19.73093,PL,981751.2993985337
66,41.052428,-4.401642,ES,904897.6189044804
67,42.0848,12.9834,IT,1326320.8016132317
68,49.2158483563455,7.03785477267426,DE,984499.9287918888
69,44.6991,11.84,IT,1329937.389362519
70,36.789776,-3.481503,ES,814387.4684005246
71,52.80449461724728,7.848422996120656,DE,1044910.7554288112
72,43.343119,-8.470238,ES,1068271.475706357
73,48.0999,-3.15,FR,784061.1670951529
74,50.220256,19.122073,PL,868938.2753738429
75,51.846744,17.347182,PL,877136.6026771797
76,51.0404904217865,9.67288874760998,DE,1321569.718185898
77,50.01,3.52,FR,937206.710838252
78,47.83,2.33,FR,878640.1315375079
79,43.39158,1.98915,FR,874977.9260577041
80,40.413341,-3.515764,ES,1460662.4967750062
81,50.0845,3.75,FR,1105746.7578411545
82,42.756908,-4.787833,ES,1024421.1621174248
83,46.93,-1.28,FR,1004983.6699511555
84,46.152,11.1051,IT,1182445.5687061218
85,45.569444,8.9375,IT,935416.8243178264
86,46.53877,-0.40412,FR,1038555.9087687914
87,46.85628,-1.14971,FR,941081.0317044694
88,41.754145,-1.179359,ES,891325.4890868913
89,39.964,-4.686,ES,752834.7908325412
90,43.256951,-2.039979,ES,1012709.0353459092
91,36.20435,-5.409685,ES,1532609.8168847202
92,45.278447,11.170711,IT,915548.131248951
93,52.30423902276905,13.63711486576174,DE,748000.5038096309
94,45.407777,9.853333,IT,908999.5180805672
95,53.02983531275865,7.933823943954315,DE,907600.1512126446
96,53.298002,15.170833,PL,1238598.683847215
97,39.196975,-0.294213,ES,1028466.9266355402
98,44.9304,10.5205,IT,1068558.9526985623
99,42.05517,-1.57169,ES,1020602.0193096563
100,48.64,2.4,FR,1384159.8316405597
101,47.5,0.1,FR,1050104.1321520288
102,40.068654,-0.225991,ES,1115839.5290092763
103,50.63,3.04,FR,1168194.5173985297
104,42.482278,12.461361,IT,816803.8808743932
105,46.98779,-1.30749,FR,705422.4483740416
106,52.939167,22.181667,PL,1010596.14678633
107,52.358550150338544,8.964302873236667,DE,939458.1756132076
108,48.2285,13.843611,AT,1265758.2018443288
109,51.55616948759373,13.596828621188395,DE,909877.2682855476
110,44.6323,11.8235,IT,882073.3464572601
111,49.37631075237032,8.35156068616488,DE,1096200.686403258
112,49.364786707904585,8.233746866364523,DE,921645.4824747398
113,47.369446,9.681667,AT,1047241.6217139266
114,45.42,4.41,FR,1182770.678830237
115,51.21584136753,7.59175049726547,DE,829824.8813119594
116,45.679,12.5566,IT,1090431.4949557686
117,41.781926,1.863535,ES,690599.6395108519
118,40.820528,-0.191587,ES,849361.0048414842
119,37.924666,-1.830007,ES,880093.3064047652
120,40.0323,-3.8404,ES,705992.7843860672
121,51.74409888010982,11.241849137261228,DE,1014439.4366778736
122,51.7162072148462,10.2766043354327,DE,957340.0932070496
123,51.406770350603374,12.21593152679147,DE,995167.070858759
124,52.5909208493113,12.3068701338371,DE,1061803.1179607632
125,43.32,-0.35,FR,850131.3009741048
126,41.671644,0.977705,ES,753187.5121499769
127,50.37,3.56,FR,1128270.0605274455
128,49.5034,0.53694,FR,853135.5554263085
129,50.083408,19.161993,PL,808484.83061773
130,53.33818,14.50283,PL,582019.0391916268
131,44.39,8.190556,IT,927814.9649758856
132,43.2275,13.770555,IT,1110815.1100294583
133,46.2856,4.82268,FR,1133972.325520216
134,50.438336093957325,9.79008135577186,DE,825260.2279613533
135,41.056667,14.662778,IT,957772.681635342
136,44.4875,10.996944,IT,1246493.6524440015
137,37.583397,-0.930834,ES,915388.690139245
138,45.76,5.17,FR,1531346.235184545
139,53.125968,18.084419,PL,1069327.754332134
140,41.844663,-1.343349,ES,854666.9999995313
141,44.8266,2.27173,FR,925515.8159043742
142,50.528611,18.310555,PL,698329.3254099494
143,51.21908202196833,7.15018117906329,DE,789532.067533487
144,45.9153,12.8626,IT,921637.1526654204
145,53.000243,16.924301,PL,1042657.1354288844
146,52.401666,17.086666,PL,1634323.2460560002
147,42.898611,10.829167,IT,1371114.5705588842
148,52.3041112898537,8.0021780651941,DE,933149.2235301196
149,49.50443,5.74524,FR,1232336.4610073292
150,48.98654,1.75432,FR,1164352.988575877
151,51.449880199907554,7.277766737406944,DE,892136.882447545
152,51.6446980800852,12.0288181099959,DE,820365.3635187675
153,51.7907645734299,8.01042992753704,DE,1230634.4341201326
154,48.35727932481815,11.767171069488487,DE,1754680.3505876877
155,48.5965,-3.007,FR,923268.9915454624
156,51.841111,19.394444,PL,1007375.1944640093
157,41.956976,3.036199,ES,964840.53706749
158,45.66471,5.01175,FR,702341.1517060252
159,41.751887,0.156365,ES,964161.9055382672
160,40.426666,16.549166,IT,1288743.9132089843
161,41.791612,1.045591,ES,1225617.5446746957
162,45.056389,10.766111,IT,851916.8928986003
163,50.6,2.98,FR,1083243.4460392704
164,46.09,3.17,FR,799822.1221085186
165,51.182894,16.110249,PL,1091396.7279730446
166,40.239145,-3.746724,ES,1317930.1956331525
167,48.1,-0.08,FR,882468.949112086
168,41.542141,2.15804,ES,1200886.534570377
169,51.47084535079629,6.862279593012779,DE,870649.0620430787
170,45.030278,7.631111,IT,1162913.359231673
171,47.3,5.41,FR,874573.6215322416
172,53.4188690185547,14.7167387008666,PL,672100.3194900616
173,42.147526,-1.161531,ES,1080262.5249235004
174,50.093268539865605,8.590762950020983,DE,816400.1298236023
175,40.4175,16.5486,IT,868027.3244579309
176,48.1096,0.1508,FR,1444842.877580751
177,45.567777,9.555277,IT,793819.1147011494
178,46.21097,4.93248,FR,836154.6897070343
179,51.82938081505678,8.405203300141908,DE,1269896.1205279853
180,45.85,1.24,FR,1428822.775769669
181,44.5439,10.8613,IT,881406.028676681
182,51.32153474042968,10.574016868219912,DE,934739.5565215512
183,45.356389,9.522778,IT,1065484.50913517
184,41.871189,0.52209,ES,685142.3861685772
185,51.741168,19.651752,PL,1215221.4186345006
186,45.306111,8.865833,IT,873095.1870721554
187,45.066944,10.738611,IT,714633.5122939362
188,49.43044,1.84309,FR,884092.280342498
189,45.215,10.3244,IT,900092.2930665083
190,43.878889,11.033333,IT,926289.3867482038
191,53.11092898871695,7.746249304590853,DE,1121851.09430826
192,51.672836,16.057147,PL,960359.403870676
193,36.752284,-2.696384,ES,955608.3165205336
194,45.0131,10.1525,IT,893922.9440197508
195,43.311945,-2.991646,ES,1057023.4796564558
196,42.7415,11.0125,IT,1187114.4714391534
197,41.95157,-7.71413,ES,1044866.9859828276
198,51.67755372264958,8.319533905379398,DE,911003.0020813878
199,47.6228166155155,9.53906492568305,DE,895881.1237638184
200,51.7682769957405,14.1058751786006,DE,898063.3135898012
201,40.8951,15.2444,IT,1002951.0233367656
202,50.805676292751016,6.152440706067159,DE,1111152.619326628
203,51.5386151854845,11.1180235475325,DE,1045687.2633844524
204,37.066111,14.295555,IT,719973.862585027
205,49.26552,-0.64893,FR,914444.2210095545
206,52.379817,16.911306,PL,912141.863662163
207,41.87564,0.201184,ES,1121635.959054588
208,47.9722,-2.9026,FR,994884.8444538864
209,48.105139,16.353778,AT,863190.9936834902
210,47.01,-0.76,FR,641532.3882407398
211,45.6926,8.5214,IT,924935.9035535816
212,48.9913,4.32034,FR,1185065.3846200646
213,40.6527,14.8752,IT,1056369.5492310217
214,41.448994,15.651806,IT,1048098.2947835404
215,42.79228,-4.83972,ES,1032656.7842933384
216,48.14,7.56,FR,895423.7783985288
217,52.40551054188354,7.993864511090964,DE,1114226.4792758834
218,50.859418549721,6.87171179345626,DE,904033.8596536128
219,45.2758,10.8278,IT,932778.066152932
220,50.8560079723542,6.84515367955091,DE,771173.1971591037
221,45.5977,9.1301,IT,1053434.4144317943
222,45.794444,13.528611,IT,1291824.173851017
223,45.1575,9.6982,IT,698804.0389219444
224,43.53,-1.46,FR,1259683.8484837865
225,52.325490237283525,13.262128820545133,DE,742510.7113431108
226,45.536667,11.285,IT,1266890.0291730338
227,42.424047,2.939163,ES,1105089.7396702915
228,48.043,2.635,FR,1056718.3724517846
229,50.93,2.46,FR,923535.9218699692
230,42.443506,-2.866573,ES,1029789.4659983228
231,43.424457,-2.734826,ES,1009696.2459705562
232,43.6774,5.52,FR,1147229.551441725
233,45.150556,8.683611,IT,1410703.2305913195
234,50.9576103962133,6.93969577943038,DE,1107632.733593447
235,46.19,6.24,FR,1132997.7766952608
236,52.9000015258789,18.647777557373,PL,1032697.147093825
237,37.927256,-6.772916,ES,856279.2586904818
238,48.19339,-2.77442,FR,1126073.718423663
239,53.72470482172863,10.101378370074416,DE,1338935.5738006085
240,45.797222,9.303889,IT,1117111.8970245966
241,40.123494,-0.01119,ES,912382.1543348082
242,51.54342356015288,9.2366370293669,DE,1134752.2526108634
243,47.88002388567442,11.894945681231516,DE,998080.3803670072
244,42.503364,-1.671467,ES,1064556.5613610102
245,52.38499577497501,7.935586319517338,DE,1490643.9723923178
246,37.310089,-6.861228,ES,722538.9744378001
247,49.65,3.29,FR,921784.6805217684
248,44.954444,10.855278,IT,808145.4872185441
249,48.82,2.26,FR,679331.12877506
250,50.650219786676,7.02516886274367,DE,1127699.1192048157
251,50.4137079061063,7.526391874580613,DE,814865.854744444
252,42.169129,-1.677389,ES,1247557.5983273634
253,50.3246803283691,18.597469329834,PL,1002120.2128109428
254,44.873,4.9035,FR,905196.2646461024
255,48.408583,15.652639,AT,1232921.2776245167
256,51.84917,17.44194,PL,851338.1026557231
257,41.099444,16.783056,IT,1253963.122428146
258,53.25170656154929,9.27231977238441,DE,865532.9602646409
259,49.619563633726415,8.440045174726162,DE,1197432.2964058015
260,46.8326,-0.82887,FR,1026859.77228644
261,47.38,0.84,FR,1115890.5213385415
262,45.0734,9.3009,IT,1277456.5108651342
263,45.01257,11.54806,IT,1114966.6325905856
264,43.85,5.03,FR,959056.7317216572
265,45.8252,9.6719,IT,1131525.4810208126
266,52.6093,21.4429,PL,1035239.6329646052
267,48.61,6.1,FR,1128421.1110562144
268,44.721389,10.555556,IT,872755.5488311349
269,48.0994,-3.9194,FR,956197.242099467
270,48.17053651409041,11.367331195061103,DE,1196911.880048494
271,52.46199108247127,7.833462695188324,DE,1118878.2611855562
272,43.29,5.42,FR,1049590.1931147894
273,48.72,1.13,FR,1146287.8425944732
274,48.5873,-3.2775,FR,991406.0378660638
275,42.4125,14.276667,IT,1067239.55259352
276,48.08045,-1.19939,FR,1041308.8734524088
277,53.52286498713747,11.46923631483426,DE,761236.4996816957
278,52.1957702636719,19.4981117248535,PL,1332881.095976015
279,53.0511093139648,20.3548011779785,PL,853081.5326851151
280,49.48,0.22,FR,966973.9309089656
281,48.03469,-0.61792,FR,771161.3568262594
282,38.323312,-0.613769,ES,1182607.61051502
283,49.15,1.34,FR,840458.464213425
284,45.248888,8.074444,IT,791671.4918977217
285,52.26437730788888,9.140727483874253,DE,881864.3622628968
286,47.02942,0.10597,FR,1022048.011440013
287,46.93,3.28,FR,1062895.341653342
288,52.09325,22.18414,PL,752837.4879140176
289,39.3696,-1.6443,ES,889962.903119348
290,37.910975,-3.425785,ES,898151.6227261439
291,48.0377,7.5637,FR,1237659.9124914573
292,52.08092,17.01298,PL,1076206.8034562124
293,44.2341,12.0907,IT,1051593.6938262722
294,51.1985330867057,10.4835691288491,DE,916995.3688443966
295,48.99,2.38,FR,1263440.4932171034
296,51.6540565490723,16.2481136322021,PL,777628.1330387263
297,42.924376,-7.37045,ES,1140180.2168192323
298,51.2150158750746,6.456624433615667,DE,1032962.0918279795
299,41.104976,1.161068,ES,1405673.5474158025
300,49.36,2.74,FR,1016509.6893070145
301,50.8648,2.56,FR,1004491.830766986
302,48.21,-4.28,FR,735787.8352471906
303,41.891528,-2.078889,ES,981850.2541703548
304,43.49,-1.51,FR,785303.8676981656
305,41.802308,0.415009,ES,1780828.4596577706
306,37.417278,-3.166679,ES,654474.7494069019
307,51.67537540751231,6.982824439540812,DE,918516.536342436
308,46.26669,1.76666,FR,991920.8864158912
309,47.89575,14.264139,AT,1084067.1731848023
310,40.424867,17.432389,IT,759604.5898778765
311,43.7956,11.1067,IT,1073704.241169763
312,51.02220868088954,6.9859008999522585,DE,896818.9942528142
313,43.607222,13.376389,IT,996414.9922973816
314,46.05,11.233333,IT,993170.8532856904
315,52.3837575800833,13.467673381759,DE,971113.1898775268
316,45.0239,9.9715,IT,915372.0540550832
317,45.0864,4.95916,FR,881440.2016430154
318,50.5816990198726,8.63644737870608,DE,1044782.368932695
319,52.6157283363703,8.52229158439288,DE,1015110.521965146
320,52.512694,18.340694,PL,951554.0669409249
321,40.748888,17.574722,IT,885138.0222500768
322,52.134,16.4645,PL,1690123.215633788
323,53.39208623272079,12.065832172381027,DE,717045.7398526011
324,49.71,3.34,FR,1090511.2390623204
325,41.632575,-2.360994,ES,626151.9408629406
326,47.10569,4.90571,FR,837976.8956008811
327,52.30412027898136,8.002177863103055,DE,1046899.9895227726
328,37.9876,12.5619,IT,852394.4781528736
329,47.807083,14.159778,AT,936178.4712157412
330,45.2457,11.2609,IT,872718.6233556512
331,45.1077,7.7155,IT,1075484.359262885
332,49.745036,21.54233,PL,1065465.5522927411
333,45.7869,3.2226,FR,1096512.9563483412
334,41.338168,1.864651,ES,772020.2301242284
335,39.541282,-5.781083,ES,772377.2128605188
336,50.9082867150637,14.8441966397211,DE,724042.3080507672
337,52.0876922607422,15.9591608047485,PL,1098424.992844998
338,51.055151772577,7.01636485682562,DE,1198429.4854146277
339,50.438088,21.336805,PL,645041.9156790406
340,48.6190325457584,9.83336938610226,DE,766878.5243109565
341,47.975556,13.61675,AT,809052.258014764
342,37.333934,-5.833487,ES,972073.1283298812
343,51.4059227495054,8.60135392564065,DE,1150193.472644238
344,48.0786,-2.461,FR,898363.5835582947
345,52.081666,21.261944,PL,923067.8706204
346,48.01363317942688,10.596114577208844,DE,1026245.0330135224
347,51.67838615008968,7.103039878748251,DE,1150443.3039836
348,52.33658166228463,13.907173970044171,DE,1166971.8192936496
349,52.2865753173828,16.6675319671631,PL,966564.9152854402
350,43.3926,3.41019,FR,1039250.586417334
351,53.10433,21.49313,PL,997302.2550963477
352,48.736791035064925,12.1167750112153,DE,739976.1047355104
353,46.79,4.85,FR,1014368.7365685184
354,39.72202,-0.833862,ES,1047733.9251478324
355,49.3812502029564,11.216274876704,DE,1523066.305413572
356,51.8077029157399,11.1273243473726,DE,1312206.9219969958
357,49.9,2.29,FR,1084448.8420727362
358,52.96292704700223,7.731835053359301,DE,926573.8110633688
359,48.022778,14.753333,AT,932322.4438334606
360,41.915765,0.192822,ES,746893.5806719204
361,51.1483726501465,17.0333805084229,PL,1111481.7586081978
362,49.4583776473151,8.16446547489332,DE,880836.5320716104
363,48.11,-2.22,FR,1119291.3988922064
364,39.20806,8.381667,IT,1185864.2857718542
365,46.57286,5.43854,FR,947192.3831169694
366,51.0118257864613,12.2805012100644,DE,736421.5014498237
367,42.847212,-1.708889,ES,1105954.794926026
368,46.62173,1.39719,FR,1039342.0910856144
369,39.7354,-2.2201,ES,1117752.4431078024
370,48.7479,7.92556,FR,1039020.9809254656
371,45.5566,5.3966,FR,1121804.8338948684
372,41.766442,0.705309,ES,753686.2666805984
373,50.806308,20.562687,PL,918271.956067393
374,50.77133157238716,7.233626947217044,DE,1043273.8414292436
375,44.435,11.9138,IT,1002131.413258522
376,39.961576,-0.238637,ES,965902.300110336
377,49.3928271077863,11.0491230479251,DE,850165.1708004161
378,51.4915360286899,7.24633479010373,DE,829939.3929286656
379,48.95,2.15,FR,1689847.3803031633
380,52.5265491070387,14.276624899531182,DE,963837.8588667506
381,52.701023384573126,8.305413681963142,DE,1433492.2221919503
382,45.418889,9.389167,IT,744369.3839512545
383,39.43995,-0.792263,ES,946768.5353336908
384,47.89261614819324,7.61078907924049,DE,790361.7826307381
385,45.6647,6.4103,FR,1195080.9347523088
386,43.184089,-2.472353,ES,1227819.8979376897
387,52.1755828857422,17.2865543365479,PL,744544.5967767189
388,49.09,-0.31,FR,1079854.2322620004
389,49.85759578689425,7.901872393560549,DE,905633.3226537616
390,50.8191299910089,10.122312664816,DE,807495.358265456
391,52.86527235035836,8.043335123701018,DE,1104885.893439934
392,50.9817237854004,18.7539443969727,PL,1310426.4043611812
393,51.61985776383808,7.4616188383277775,DE,976246.3529486044
394,47.13,1.31,FR,1243241.4915170453
395,52.5328334001138,13.3736283049502,DE,942781.9657043988
396,43.230933,-2.779985,ES,800571.6509624656
397,48.43297,-1.56171,FR,824539.4740409693
398,50.1925,3.25913,FR,858367.8608832228
399,51.24814879648962,7.0419022305934345,DE,835722.7373474529
400,41.458371,1.954701,ES,993888.0378532502
401,41.664404,0.817014,ES,735650.7301778735
402,48.39500475885739,10.02360291154125,DE,649783.6889709358
403,48.89687,8.0928,FR,859607.2363867143
404,43.32054,1.95577,FR,1132638.4688003547
405,41.569648,1.054098,ES,1119010.56452525
406,41.277054,1.181652,ES,868137.1997605904
407,42.745278,12.677222,IT,1103739.893237501
408,50.1116596,21.2619693,PL,722949.6914495216
409,51.48035905115474,10.789313216864509,DE,1021502.16305808
410,42.350278,-1.68,ES,890448.3051437343
411,39.923783,-0.204229,ES,892470.2193791526
412,50.6554065105509,8.04445480891527,DE,829662.2494792854
413,54.1337814331055,20.133508682251,PL,1264177.0307702783
414,48.4,2.85,FR,1365724.6121133205
415,47.5156,0.12519,FR,977734.1850408711
416,41.567601,0.896218,ES,888869.9893957763
417,45.0476,11.9046,IT,985457.8862111012
418,41.583673,0.843736,ES,797371.981985737
419,40.739734,0.381178,ES,801321.2796055287
420,37.543455,-4.888956,ES,761945.8536984585
421,45.76,1.2,FR,985854.3337375044
422,41.745546,0.912544,ES,736754.2551480008
423,43.8369,11.1044,IT,878106.2876411313
424,46.8,1.69,FR,707063.2464245983
425,46.6009,-0.7713,FR,1047783.7098027798
426,47.75,-3.37,FR,1027419.895954028
427,43.97,4.9,FR,1060687.718220024
428,39.677289,-0.559989,ES,1224432.0728429204
429,45.346,10.0118,IT,792750.8732901159
430,48.86,2.33,FR,958025.4254111964
431,48.6677340401733,10.1531338472359,DE,776571.4736455177
432,53.9051614902111,9.48734971359733,DE,905299.2811378804
433,41.119611,16.815583,IT,1042433.2249650816
434,52.0433387756348,22.9225158691406,PL,888515.0588336312
435,52.17161,21.115534,PL,887890.6595687133
436,49.32,6.12,FR,1131082.4493787396
437,39.0552,17.0552,IT,709090.2130129663
438,46.094,11.0935,IT,754159.6053192723
439,41.479857,1.986837,ES,1056817.3414247802
440,47.07,5.5,FR,1232946.7014359836
441,45.164056,9.978306,IT,944184.9244156346
442,44.2059,11.6042,IT,955991.4029505642
443,40.161737,-0.006249,ES,906128.5375505496
444,48.2338,-3.2429,FR,1122317.0233206423
445,48.7111803531541,10.6858578577038,DE,1389113.0161081678
446,50.174578,20.293369,PL,975693.7827522442
447,48.19,6.69,FR,892687.1210194266
448,40.161737,-0.006249,ES,718142.5958849853
449,47.93,-2.8,FR,1110286.0621409025
450,49.01889945162951,8.509523626987411,DE,996242.0646649176
451,47.9554,-2.7954,FR,1148069.616655026
452,40.03329,-3.60342,ES,944135.3997305525
453,46.05668,6.56847,FR,1264683.1609865157
454,49.3664832948511,10.198508318758,DE,1116478.509330927
455,44.6935,7.9065,IT,1185311.899873589
456,37.467276,-5.633474,ES,747475.5159676595
457,49.00876075437023,12.17189117201763,DE,858078.9088044667
458,50.1056310295959,8.78735811140443,DE,1002638.8587143264
459,47.77978,-2.61397,FR,720661.6724837396
460,52.81605291883976,7.907041605873076,DE,1044963.852708455
461,41.583013,0.91536,ES,659470.8742498653
462,44.5505,11.025,IT,713545.032373909
463,51.12743996289605,8.09296800257579,DE,1624888.9009088306
464,51.6382331848145,16.86985206604,PL,1014958.8532075072
465,45.5137,10.2064,IT,1168645.0262966764
466,52.48993832,13.49675235,DE,797820.336562847
467,44.16,4.62,FR,1469397.0463960974
468,47.66486392740257,11.242313457254747,DE,1451492.241352338
469,52.980793,14.412915,PL,796500.1115428243
470,47.40922,6.44118,FR,1279820.376001891
471,48.308224,14.327111,AT,1040381.2109773598
472,47.53,4.44,FR,729185.8451455145
473,40.978861,0.308421,ES,775430.3617558915
474,51.3532159947869,8.33804978881138,DE,1021338.4168861622
475,50.83013,1.79175,FR,1165994.0619086856
476,46.43,-0.23,FR,1090026.0972756476
477,47.9512,1.9143,FR,850141.9821381778
478,41.676667,-4.690278,ES,903287.9203717876
479,43.40715,1.94531,FR,929250.57022212
480,52.5554718075658,11.4293313240393,DE,1278553.9628022737
481,45.0095,11.0721,IT,1046881.8731245114
482,52.745445,15.252218,PL,1043320.8028609176
483,48.48,-3.37,FR,736372.0073029915
484,51.50428814984481,11.590527634218375,DE,925810.1957637086
485,46.33329,2.59999,FR,893005.8691374703
486,42.159444,-1.587778,ES,1150504.9307228576
487,41.470711,1.956263,ES,760634.1897520262
488,45.704167,12.228056,IT,927257.745278058
489,50.5170505691432,6.46731344857455,DE,752843.8229388228
490,47.0472,-0.9799,FR,771487.6925034756
491,51.9259696290392,7.67882501937133,DE,1099116.1202535597
492,50.4995401904867,12.247272214113014,DE,875051.1317411552
493,41.64855,-4.72867,ES,1160284.6276238444
494,53.56244088895747,13.55457131717333,DE,1033571.7901552798
495,41.622706,0.882983,ES,866696.8642409943
496,51.5938709291619,8.343681344587,DE,802452.3467830085
497,53.5761528015137,20.17393,PL,977673.1924132972
498,50.4415472306999,10.4698108636255,DE,1224964.4367174725
499,46.0358,4.29649,FR,1060199.3642796543
500,41.559183,0.926427,ES,830722.125500914
501,40.924167,14.101389,IT,976061.5909489864
502,48.0855,-3.8492,FR,1118148.6048632972
503,50.047219,18.584747,PL,926443.4319930586
504,47.63,6.1,FR,991224.1365571944
505,45.06,5.18,FR,646107.1841919802
506,51.0552177706388,7.00808548036636,DE,761049.1729914598
507,50.76727293186676,6.148987448303242,DE,1118322.7453140449
508,50.7216290541447,9.00785814136859,DE,976112.9258383455
509,41.971793,1.669965,ES,1248199.4227374904
510,45.481667,10.173056,IT,724734.8734519371
511,44.935325,7.418728,IT,872889.3297934388
512,44.665278,10.506944,IT,1143519.508341025
513,41.409074,1.220962,ES,653069.6188353887
514,53.85515787,13.71045851,DE,915948.1644542484
515,48.2026,-3.82333,FR,876959.7664715555
516,44.823797,11.650267,IT,1324406.8528790944
517,41.98086,2.141304,ES,721406.3856177846
518,45.5,11.41,IT,1149345.7818233136
519,39.646927,-0.227632,ES,1073956.394925839
520,49.2742135641184,7.10292701684563,DE,946123.7329881795
521,50.527,2.56431,FR,1062547.9945405158
522,51.08879903056548,13.77194720741949,DE,1259013.271215907
523,44.889,-0.5301,FR,848031.5203908349
524,50.0978775024414,20.6519966125488,PL,860041.5705110157
525,47.7802791161573,10.2865250122936,DE,1485834.918867681
526,43.037222,-2.415439,ES,1253859.5308537758
527,52.6590918097938,8.20499372303681,DE,1183839.6031214232
528,44.8405,-0.71718,FR,1350319.0868925948
529,46.78583,11.87403,IT,959659.4377681247
530,52.63110057400703,7.447667439242989,DE,884083.9972997403
531,48.83,2.56,FR,869185.015988901
532,51.469675,21.172457,PL,1134476.7391019475
533,45.4888,8.7049,IT,1120303.782083988
534,47.57015558908798,7.805828927630277,DE,808269.7573607494
535,53.45396,21.87177,PL,1228904.6020592086
536,48.62422980942922,12.083323921415406,DE,732932.5385890002
537,50.63677,3.00695,FR,816856.0380086132
538,51.48444230848253,6.833339843655142,DE,1032302.9943091203
539,41.512081,-5.37755,ES,822189.9771366868
540,40.003122,-0.104481,ES,961097.135123762
541,44.9889,10.7292,IT,1014104.5723363188
542,48.56466,6.47396,FR,1026329.3076280628
543,40.835989,-3.664547,ES,1031544.3708704225
544,50.38,3.11,FR,962378.5732862602
545,49.35026,4.16283,FR,1271745.6404280695
546,50.120569,21.518263,PL,547792.4025974693
547,49.1722094792053,9.96499453926004,DE,1155161.3887664194
548,44.580833,10.847103,IT,998882.532048157
549,45.2452,11.4868,IT,1119024.508627808
550,50.7,2.11,FR,1224351.2456623544
551,43.98218,1.34595,FR,986636.4759127356
552,49.9660949707031,19.65581,PL,1041936.0043747658
553,41.495464,-0.526772,ES,1071101.74719089
554,51.1755500933699,6.839385487936887,DE,860894.3405179085
555,51.253016,17.457239,PL,1092894.9431745412
556,47.8613,-3.57969,FR,809348.4308224171
557,49.78,0.86,FR,796143.1180010359
558,50.87253449712044,8.032802369406973,DE,1254496.200409858
559,43.453889,13.585833,IT,1499465.6646279464
560,49.78314176929309,8.406226352482374,DE,884797.2763024293
561,47.6519,-1.6995,FR,1264838.6609167673
562,51.6949805902185,14.4464515202185,DE,1016451.5216030783
563,53.5379306424197,10.0648209569686,DE,955028.6168921824
564,52.64753437702796,7.320977748303948,DE,1369461.2150078488
565,42.421831,-4.410381,ES,1281987.5199877035
566,48.9829,6.02783,FR,1199425.6766347245
567,48.61444,-4.40249,FR,869649.8405152601
568,43.264167,-8.605556,ES,733757.5598557715
569,54.170266,19.39533,PL,1125237.0851505047
570,53.8166618347168,22.3747177124023,PL,743737.6401341257
571,53.7142105102539,18.6894359588623,PL,1094380.3149240338
572,49.89,1.09,FR,1165141.0262491386
573,44.984167,10.583056,IT,891764.9921203331
574,51.3984984134732,7.69820526143864,DE,1055152.6163220955
575,42.343667,-7.983433,ES,1103169.5095815652
576,39.6556,-2.9712,ES,966839.3985422854
577,41.958075,-0.080541,ES,968622.9007725297
578,53.59049701903067,7.857076056990291,DE,922672.156669788
579,50.70294180281283,11.53702747569437,DE,1083412.479490955
580,52.7721475168015,7.18363792339702,DE,954744.806852864
581,39.9228,-4.6212,ES,690292.1364354347
582,38.189319,-1.891609,ES,990667.2250042916
583,41.555587,1.881898,ES,860934.1420398111
584,42.005745,0.746365,ES,667317.260822247
585,52.74684971815348,8.074360708702194,DE,1100372.6939344262
586,50.52253637906107,12.381120287968947,DE,1062483.0970077512
587,41.577618,2.190185,ES,983379.203183448
588,47.50307,6.81616,FR,750147.4059543947
589,51.81866786215696,9.841411960035638,DE,872077.829398452
590,41.870384,-0.435762,ES,1147912.334508846
591,42.408889,14.170833,IT,1084226.876051582
592,45.1129,11.8135,IT,875581.2520418892
593,43.39,-1.32,FR,992785.945413126
594,41.13366,0.138978,ES,921429.481211197
595,47.6393,-0.3853,FR,897973.2527456109
596,45.465452,9.186516,IT,861954.1265273541
597,51.5996086938774,7.03461628584767,DE,1256421.6987086188
598,46.3905,5.1667,FR,1273519.977074477
599,50.43,2.82,FR,745924.2166152026
600,41.206424,-1.824983,ES,918427.5602491556
601,43.21354,-2.810672,ES,935900.4793370296
602,47.83,6.41,FR,1052819.4961213614
603,45.443333,10.8921,IT,607242.9015166096
604,43.836068,10.57814,IT,764722.5584239402
605,47.33,-2.41,FR,1054582.075077337
606,40.638889,17.990278,IT,1145331.1589637352
607,36.752957,-5.828948,ES,1055623.52717617
608,50.68147471991954,13.112020903418816,DE,925644.280276066
609,47.93175438787071,8.489473681817557,DE,820763.5802369983
610,44.478,12.2059,IT,1435845.2222404827
611,51.010102310760345,6.869267896505772,DE,980689.3277255556
612,45.576667,9.018056,IT,1166924.3337216277
613,43.09603,1.88172,FR,1250792.032534834
614,46.75,-0.64,FR,930641.8979490042
615,48.64,-3.72,FR,1100368.430478123
616,48.8258743944602,8.29645539767322,DE,785614.8954883792
617,43.144946,-2.009538,ES,875964.7986636258
618,52.6577406929761,9.20589942314523,DE,918782.3923017692
619,47.98925,16.908333,AT,720833.6425059689
620,51.55407488995039,8.136953369694734,DE,775352.8277936717
621,48.5222385639892,11.553409907505,DE,978540.2793761748
622,39.945733,-0.143615,ES,859817.1299226892
623,42.6825,-2.9233,ES,1125686.0513436513
624,49.3387329903038,9.10953231312026,DE,1040752.5291667904
625,50.459809,18.831172,PL,756437.6190540928
626,39.9417,-3.8528,ES,1687456.814346108
627,52.5222521558851,14.3349437615124,DE,1013311.3313199376
628,45.1275,7.5906,IT,927453.8127412894
629,49.52,-1.6,FR,738407.7819450883
630,51.07881738459849,6.6165944502804654,DE,700075.9568420042
631,42.146973,1.080892,ES,1360453.4990300883
632,42.176381,-1.801876,ES,773024.2440546347
633,51.1093987216732,12.0728177469598,DE,1231256.679427612
634,41.774381,-0.378548,ES,899975.3155112052
635,44.591944,7.673611,IT,1332152.0200380308
636,53.35789,17.0515,PL,1094429.107156612
637,51.9071048478707,12.9172526572622,DE,1132253.729316929
638,45.591111,10.152294,IT,943803.4217157172
639,52.85454647631961,12.51207387655368,DE,743638.6880897573
640,43.34,3.23,FR,1011552.1249342083
641,41.990739,-7.802105,ES,815014.0718562856
642,43.58,6.94,FR,1298136.3928636238
643,48.26,-3.16,FR,1017825.4375055094
644,41.53288,2.231007,ES,1049166.6340703997
645,51.2772876869243,6.68844075956973,DE,1254714.1925721313
646,53.0644454956055,21.0079364776611,PL,1264482.9227971886
647,48.4451,-3.5668,FR,783258.4793657532
648,52.88681902268742,7.700467022516205,DE,1065440.3072049783
649,51.143056,17.231183,PL,856529.8321306077
650,49.8147973240343,8.67504353102796,DE,874500.030093798
651,43.4655,4.93663,FR,622408.2397326468
652,43.801667,10.684167,IT,1306133.3298273524
653,43.027981,-2.510832,ES,872332.3180171624
654,45.87,1.32,FR,901287.7290727706
655,53.5118295657751,8.51777771304691,DE,808185.7393802798
656,49.44637023328677,9.650287657970445,DE,959699.143130267
657,48.55,-2.38,FR,814223.5452670563
658,41.0776,15.6942,IT,1113007.527099961
659,42.024215,2.3102,ES,884866.5591776941
660,41.6402,-4.0466,ES,824789.6913566266
661,54.08731736541814,12.773928974549174,DE,1005380.7277597452
662,52.4429318335496,10.7116645282192,DE,1443388.8937811772
663,39.646763,-0.226788,ES,851906.5288235894
664,48.44002,-3.47095,FR,976726.7308203474
665,48.4485,0.09442,FR,1136628.25801373
666,52.12284566340079,8.402429069258224,DE,1578775.301130539
667,44.4192,11.7576,IT,892996.800908527
668,47.7765,-2.5325,FR,1140099.989649976
669,50.29,2.95,FR,809614.3711129676
670,48.8,4.95,FR,760998.1919843165
671,40.128,-3.8205,ES,1410643.705501475
672,41.508905,-0.615671,ES,966729.7723355877
673,50.67,1.82,FR,1229984.1830202765
674,51.82252464820562,9.061736732469008,DE,1009038.5347810428
675,40.391723,-3.555976,ES,1257682.5576527144
676,48.3432,-0.3082,FR,733940.4787907023
677,48.59278,-4.21855,FR,921065.7437364898
678,44.9775,7.7883,IT,920827.3791042344
679,45.8846,6.11833,FR,947798.0019127564
680,50.4168739318848,17.9746246337891,PL,1043578.0579036924
681,44.2038,12.2689,IT,1087726.160418369
682,50.12361153857432,8.928402708182746,DE,926514.4442701952
683,54.70176523243176,9.783874210813485,DE,1350327.7308087582
684,45.610833,8.936111,IT,1213196.7202279733
685,52.9691400106765,7.73528664534631,DE,936463.6461824692
686,45.7925,13.5583,IT,1147918.9135693358
687,54.3883367067951,10.1706667571172,DE,1309755.0450377497
688,45.636944,13.773056,IT,1122803.9659825752
689,50.268055,19.003333,PL,1006292.927338852
690,53.9024664788664,11.4608717894093,DE,974843.9835049056
691,44.8372,11.112,IT,1550405.1265468127
692,40.540001,-3.298398,ES,1122696.0283081147
693,45.6558,9.7086,IT,722697.8637955005
694,45.5189,8.7269,IT,1129603.243558949
695,51.316862282596574,12.1772031339643,DE,889929.8914500689
696,46.24963,4.52063,FR,1057679.8678055897
697,50.0929382977853,8.58893432485081,DE,1084958.728899557
698,51.8076854239692,11.1273393016858,DE,852228.1715957547
699,49.7631,1.75643,FR,1301459.9869616218
700,52.3471917820515,14.2874102506688,DE,1159054.8983601178
701,37.36391,13.63276,IT,854230.7702341338
702,53.395107302683,12.1402004884914,DE,1030800.1583521628
703,40.7387,14.6564,IT,1228995.8705093074
704,46.28,0.54,FR,1042970.3234659644
705,42.915429,-1.832399,ES,1118915.7731067429
706,45.377,10.5894,IT,829030.7126257775
707,52.12,20.28,PL,836580.268519399
708,47.9486,-2.4041,FR,810500.2518462454
709,49.12237989750332,8.556565200950088,DE,1179843.2415806183
710,50.95085,21.39725,PL,1124872.7580189267
711,44.83,4.87,FR,1119589.3435496148
712,49.36,4.2,FR,1578864.8766701303
713,51.914217657117,10.4545958813549,DE,1541377.768298148
714,45.77,5.0,FR,1157059.994970756
715,50.552,2.9454,FR,789124.2469567016
716,48.7709050583003,12.9004768064189,DE,1190072.3300462945
717,52.9072925705576,9.96429654690656,DE,1015387.439949438
718,48.6,-3.02,FR,1070009.6163901363
719,43.977,1.3254,FR,1020748.9885520508
720,51.64292057022,12.2113786237094,DE,914162.4621309538
721,37.284208,-7.238639,ES,1629992.3034990013
722,41.491998,-0.172322,ES,889758.3870168509
723,45.544444,10.068333,IT,1139959.6107224985
724,52.46764664029179,7.31699746042423,DE,1066342.5427213155
725,47.56,6.9,FR,1432394.024397555
726,45.4561,10.1596,IT,1337004.723070093
727,48.42,-0.86,FR,1111501.3743706043
728,48.40212645145267,10.933246141515742,DE,935927.0244434004
729,51.043333,21.0725,PL,1006694.6064146216
730,49.874284,22.602949,PL,982771.3173833638
731,44.9224,10.4043,IT,1155829.4533670149
732,40.940726,-0.233693,ES,692643.8324717062
733,49.93797554513873,12.217784316809814,DE,1285253.1400492445
734,45.616111,9.662222,IT,780415.4624384464
735,45.648611,9.724722,IT,735653.0233615729
736,51.10276851806713,11.150647375684963,DE,1091641.1246522118
737,51.97432097415688,13.839576083304165,DE,1149182.108001284
738,53.92089845613467,11.89905891448887,DE,738228.8861167881
739,51.1956515481812,8.72264368975992,DE,1080031.1849049416
740,52.21458154108996,7.0691203696296006,DE,893799.2999371204
741,41.8208,-0.238687,ES,643512.4098951562
742,48.85332466035481,12.784202361538986,DE,1280129.9025520494
743,45.058889,11.240556,IT,618644.0509400928
744,45.668056,9.422222,IT,985050.7383132773
745,39.8997,-1.013507,ES,621906.9696174415
746,42.061111,-3.736389,ES,863312.492541707
747,45.1036,10.0009,IT,884704.0194060185
748,45.84,5.25,FR,876663.1546597726
749,48.82838,6.07596,FR,1055025.432985039
750,43.050814,-2.084587,ES,930469.9451821176
751,49.0152786744326,8.76875038633569,DE,1286009.2280714412
752,52.62352866801917,7.826512874641906,DE,1479147.5295009909
753,52.5233064019685,12.2110942285826,DE,970082.7190605412
754,41.632422,-0.749716,ES,1138244.561250236
755,39.970973,-0.230403,ES,1149842.152430292
756,45.4525,9.2615,IT,862214.123080919
757,48.08617,-3.086,FR,1062140.8927151088
758,45.13553,7.76686,IT,753098.461562618
759,50.5096993439389,12.9241388260402,DE,870311.041082867
760,47.716667,13.664722,AT,876828.884460115
761,50.549108,17.533665,PL,1143394.534292483
762,49.2480302365267,8.66411823366547,DE,1150204.2252684631
763,45.7441,7.5741,IT,911274.1122159272
764,48.639815088574906,9.424641333985145,DE,891890.6177840235
765,48.45637,-3.515,FR,1165331.9796920964
766,38.4533,-1.5411,ES,1032867.6728311524
767,50.798391765398,12.916905119951622,DE,929499.9209582052
768,37.761679,-1.022949,ES,906373.869786776
769,37.960833,13.741944,IT,908197.628036628
770,52.183406,14.76305,PL,1196429.524762415
771,50.8668579404824,11.8045946635638,DE,656930.1874940378
772,48.33,-4.13,FR,1025383.7728383584
773,52.6230598979804,10.0571206377122,DE,1106443.9134586505
774,48.3012,-2.5321,FR,928080.9281578248
775,47.59746988932444,7.902026006238136,DE,868352.3542094742
776,50.6016732839833,12.1623060864672,DE,935440.5769909548
777,37.371887,-2.3844,ES,925853.5051103908
778,48.173944,16.460528,AT,1079779.334674776
779,43.62303,3.83165,FR,866528.336193368
780,42.230717,-0.758846,ES,854735.5563426601
781,45.176944,10.971944,IT,899679.9113486097
782,45.7338,8.7391,IT,1132977.8217831615
783,48.25314,16.467278,AT,1169620.1689526003
784,42.72379,-8.656784,ES,1134783.16649807
785,45.586944,11.642222,IT,832585.5149007112
786,51.442658665796,6.94255803092889,DE,744965.6353950257
787,54.1617533062146,13.163946185499665,DE,997995.8409468812
788,45.858571,9.423837,IT,942396.0538874858
789,47.9552,-1.4009,FR,834297.8510299064
790,45.794722,12.260278,IT,1044194.7249413813
791,51.9388725065427,11.3249077950666,DE,1348888.6861867013
792,53.5708352574492,8.10591949187808,DE,824637.885399354
793,39.865278,8.559722,IT,1020856.9509160029
794,49.9,2.29,FR,1162491.9991271014
795,38.276293,-1.090908,ES,1196850.7614276905
796,48.4219,-2.5762,FR,1341045.6584230775
797,48.24,-3.13,FR,733022.3350991978
798,42.2175,-1.633056,ES,976522.6590191404
799,51.5280084313378,14.3570694617954,DE,1468367.6424430837
800,43.42204,-3.75087,ES,914048.3787667413
801,45.4625,10.459167,IT,1498183.482253448
802,48.553109272229854,12.731733443203542,DE,1172030.0574485026
803,53.4526783029532,7.90344387221462,DE,994730.443858852
804,49.9811688252894,8.04388750897917,DE,930982.2864283456
805,47.79654473709436,10.1502801194103,DE,998048.6767841692
806,44.611666,10.870277,IT,1084609.7642740894
807,54.0476455688477,19.0604133605957,PL,1091141.2567407163
808,45.766666,11.767777,IT,1216242.2150231225
809,49.4721163335937,11.0768497002901,DE,897512.0114721721
810,48.09,-2.52,FR,1520632.785603345
811,47.8363807123369,9.63814531149264,DE,778856.8182006836
812,51.39395781211776,6.752960880397434,DE,1091236.9964448102
813,51.29176252898366,11.9020628937287,DE,908998.4385820684
814,48.84543135871638,9.736090332473204,DE,1124406.4627293462
815,47.72,-2.28,FR,1121025.0468680784
816,45.3551,10.0641,IT,1241138.0549947508
817,41.911066,1.287557,ES,712558.5552218327
818,44.6555,10.3978,IT,1288263.776845769
819,46.05,6.52,FR,807421.7989043581
820,48.4395,-3.7277,FR,1198677.0691989833
821,49.4683,1.04465,FR,943861.9527365048
822,54.1617533062146,13.163946185499665,DE,1003075.6847335274
823,52.6827774854735,13.1913434937045,DE,904752.7950004851
824,52.59218071257699,8.200123178474383,DE,829662.5640511267
825,39.90772,-1.367422,ES,1180458.2185248474
826,45.405,10.98,IT,837780.201422945
827,51.1944000682977,12.4785729692478,DE,1086896.4317051345
828,52.6163864135742,19.9294910430908,PL,921078.482045776
829,47.06738,0.21791,FR,860547.7593342605
830,40.123076,-0.27368,ES,814542.4932230291
831,51.075555,19.433361,PL,1542622.3081397896
832,47.291722,11.032806,AT,715117.1409812396
833,50.3122100910237,11.8742601966501,DE,814832.0405110389
834,43.44127,1.81289,FR,1057052.3549113972
835,50.266667,19.46667,PL,733620.1527660644
836,42.005366,0.115616,ES,852469.350511612
837,52.00913811245532,8.559927402692482,DE,1003076.0958613018
838,51.19677770516815,9.334968275514198,DE,687860.1988667357
839,51.295803784071175,12.318198842372205,DE,1047447.9811746712
840,43.38,5.04,FR,742140.8636451539
841,48.183083939987,12.7300934644151,DE,843423.2322468138
842,47.26,-0.08,FR,1112611.3747963766
843,45.0994,10.2033,IT,1323731.9647064358
844,45.2294,8.0471,IT,1113606.5507426169
845,48.0607,0.7071,FR,822776.5062266093
846,51.28652966064291,13.247143447449067,DE,910698.8238894744
847,48.6966108948412,8.14137842815979,DE,1246046.3401680882
848,49.2538204887496,12.2473277405305,DE,1235111.8692881125
849,38.35978,-5.340284,ES,820604.4859746912
850,52.82457744559677,8.006472906310877,DE,926534.7309704198
851,48.88085915303424,12.618210620738417,DE,1222320.786816725
852,40.444331,-3.552974,ES,1713249.9196529733
853,44.0673,12.0142,IT,950697.7968861072
854,43.41,5.21,FR,1180188.1736651566
855,50.046714,18.766692,PL,773093.0002634834
856,48.78746,1.57506,FR,1178878.0028614765
857,44.55,-1.17,FR,938558.2902738748
858,50.4443,3.06518,FR,1027433.5098492652
859,40.0433,-3.9685,ES,1133418.17734355
860,37.988725,-1.505131,ES,1095128.1530473733
861,45.1796,11.589,IT,773171.01051289
862,37.217275,-4.900105,ES,1259684.070337081
863,48.6316124436316,9.98247869257058,DE,656306.6180736452
864,44.03,4.98,FR,795341.8755204348
865,52.0397934242396,8.60445854979549,DE,1039009.6646612895
866,48.70571889944664,10.249764837951616,DE,1457570.127656204
867,48.90394,4.48991,FR,1147461.197253132
868,47.504807,12.399889,AT,1085858.051954032
869,41.682024,1.269936,ES,998784.5243262784
870,42.084451,-0.34849,ES,815222.715472362
871,38.269012,-0.706328,ES,938477.8307076584
872,42.778611,12.636944,IT,1143077.3901000062
873,50.97583575723063,7.578924147619008,DE,864785.7406454249
874,51.5980617379535,8.33739824565237,DE,768214.4135124607
875,53.09752752647069,7.361697798072829,DE,1005103.6906522862
876,51.102030578709815,6.13774364038738,DE,970700.602012217
877,42.825,-1.724,ES,1025536.67277276
878,48.9074745280424,9.08825306486968,DE,1113606.465711401
879,47.4917,4.3357,FR,665330.0778641384
880,42.774083,-4.808022,ES,833840.8077582021
881,50.1234879496199,8.9134818543954,DE,1067480.4348166736
882,53.1498495852656,12.3782454694355,DE,1285167.5725755063
883,37.4178,-2.13,ES,997987.8281356824
884,44.974444,10.044444,IT,1290293.4400131395
885,53.1691665649414,23.0867595672607,PL,1183560.4678049886
886,48.29884,-0.27038,FR,793817.4664292573
887,49.85431,19.334135,PL,1278365.6663527004
888,52.223808,16.48542,PL,1010126.525941258
889,52.94947446603268,7.257490476257789,DE,1695709.384256836
890,47.80713,-1.05903,FR,823153.9439215383
891,49.41,4.5,FR,929992.8909738136
892,52.24165332123568,10.507653005150438,DE,867195.8486409504
893,49.67,3.58,FR,1295151.1209793992
894,48.87690579426223,8.647854448054575,DE,766019.4481930683
895,54.3675,18.6533,PL,891831.8880239414
896,54.36491827707314,10.135415793022023,DE,1063062.767030235
897,50.23156,22.425224,PL,946800.8530601612
898,48.59,2.88,FR,1104145.490905227
899,49.862564832497554,8.681026202997568,DE,569071.1574570333
900,41.223519,-3.894247,ES,906662.5783709504
901,48.1477,-4.0281,FR,1165270.829895388
902,45.397222,9.419722,IT,1055179.4011118126
903,53.6760139465332,15.6744165420532,PL,1480288.0915662386
904,51.6800564497572,7.74479304914708,DE,987314.0917508
905,45.9587,3.47482,FR,1019316.7607191856
906,40.820528,-0.191587,ES,1270558.633652729
907,39.95203,-0.167838,ES,901189.4677841042
908,51.250831,17.383893,PL,970539.5272458884
909,41.774444,-4.634722,ES,1097800.8122623945
910,45.7982,8.6071,IT,811972.7265870471
911,39.560299,-0.339865,ES,996422.1459739668
912,45.093611,10.723333,IT,979964.7501395316
913,42.028889,-1.473333,ES,810870.5846341337
914,48.011,-4.11868,FR,797162.2541691958
915,51.54145,17.305022,PL,911756.0785894524
916,49.28,1.02,FR,989870.8395401128
917,47.83,-1.67,FR,745792.576004099
918,51.549023311027,7.18119448707762,DE,855052.1423880667
919,52.02859891737472,11.72165505411248,DE,1073338.1542036366
920,41.615888,0.800909,ES,790466.8526534397
921,41.51344,-1.408963,ES,685480.7349101624
922,53.0006055179572,10.43791685272512,DE,1155776.1593542036
923,52.4178644338515,9.66510203595395,DE,1234382.3335038084
924,51.82654436947804,6.269139588666848,DE,836675.3228189214
925,45.213333,8.886944,IT,1277431.814318031
926,37.977309,-1.072323,ES,734268.8653995204
927,49.838014,19.051553,PL,986708.0209541176
928,42.460542,-2.472889,ES,1133191.2828880325
929,52.67839854806223,13.185444454358558,DE,952239.048199392
930,43.5349,-8.0683,ES,910035.7608503994
931,41.201664,-0.393468,ES,768065.2344035257
932,51.75603930556253,9.398765802625968,DE,1073376.961703695
933,52.048313,22.095192,PL,906412.0920955772
934,37.461227,-7.264199,ES,1116917.3496650262
935,43.73611,12.91056,IT,1139473.5264679105
936,40.51014,-3.35151,ES,677280.7292356011
937,41.531516,2.216795,ES,1137243.005492113
938,47.6377638666511,7.69768746530893,DE,869962.4849236486
939,50.67,1.82,FR,971533.7011638418
940,43.93,2.22,FR,769570.6288516902
941,41.866651,0.424089,ES,776515.6529559211
942,52.49924047224672,13.925654861766954,DE,983743.4952182156
943,48.58,-3.27,FR,684014.5612601776
944,50.289449,19.138355,PL,1631219.5996415457
945,48.7967,7.80122,FR,994603.121829495
946,48.75124531466928,11.480208265009656,DE,953174.587728702
947,45.503333,9.844722,IT,1135800.197898751
948,41.1422,14.1444,IT,1021341.5446877507
949,52.487140269324925,9.808706115091129,DE,962771.8100365896
950,51.054297,16.74135,PL,693301.5935324637
951,53.084825280454254,7.904081939009202,DE,1139535.1276462576
952,41.501533,-4.614511,ES,1291061.3059154777
953,50.7097222222222,2.35944444444444,FR,1018429.3125431272
954,50.8379940631326,6.30958456497815,DE,903438.8945216828
955,41.23902,-3.93054,ES,1027661.5964667388
956,53.511195,15.24033,PL,845606.2746448063
957,39.8873,-4.21828,ES,969010.554776957
958,47.78,7.4,FR,655898.3096799464
959,45.543611,12.074444,IT,875357.337869773
960,47.81987,-0.83365,FR,800086.108318707
961,42.361472,-3.763889,ES,1035403.642655642
962,47.07,5.5,FR,1052055.340735202
963,39.386442,-0.401915,ES,906620.0510671736
964,37.140204,-3.662099,ES,1078502.58980178
965,52.210319,16.446677,PL,1083267.678625057
966,51.0627904673825,6.33403466037931,DE,841665.6629203296
967,51.2917281463772,11.9977995306244,DE,1269052.4689045527
968,41.61196,-0.150545,ES,992729.3503160672
969,42.91514,-2.03848,ES,991147.9677926534
970,53.7174896705491,13.2443176079234,DE,860909.5634207043
971,49.12,6.71,FR,1134443.2308369116
972,41.687728,-2.480731,ES,1242059.82234695
973,48.16,3.28,FR,1100466.1313879285
974,45.3843,4.77786,FR,816020.4016007549
975,48.394833,15.708278,AT,1048617.2528757867
976,44.6403,7.3794,IT,741543.8111611549
977,48.7377478621121,11.2401456231066,DE,804249.056631617
978,50.3413887023926,18.9755554199219,PL,965827.9439104736
979,51.29736017074076,11.863607440176205,DE,1086617.36012547
980,49.80387486311388,6.686844456701319,DE,1021356.6874855208
981,48.1452695267844,10.2540801392155,DE,1172342.844020262
982,42.284246,-3.870449,ES,920089.958989052
983,41.627459,-0.913535,ES,734613.6132715669
984,45.542,9.8796,IT,1237194.341422823
985,52.1102189684644,8.18561651861925,DE,1198595.0035025876
986,43.304693,-2.673312,ES,819498.2753515752
987,50.7807426452637,20.6208553314209,PL,823244.4310745548
988,45.839167,9.418611,IT,603387.6175595245
989,48.11,7.38,FR,805576.3937641833
990,52.5838961869999,7.22005412388258,DE,1176420.1933185342
991,45.074167,7.436389,IT,1093545.538656858
992,45.6678,-0.68076,FR,863619.7397329258
993,41.734557,0.176832,ES,1493158.374974446
994,51.0187312898063,6.98764859911404,DE,745157.9343122522
995,45.0352,10.931,IT,1153246.4326842288
996,51.2544021606445,22.6081638336182,PL,1048164.6215171776
997,53.5123954805377,9.88720980155128,DE,903833.973227274
998,51.19500697529151,10.477371980029368,DE,1070426.1889957837
999,49.03,3.93,FR,1012370.1961063052
